Reputational Risk,company reputation damage
Reputational Risk,company reputation damaged
Reputational Risk,damage company reputation
Reputational Risk,damaged company reputation
Reputational Risk,damaging company reputation
Reputational Risk,reputation of company damaged
Reputational Risk,company reputation hurt
Reputational Risk,hurt company reputation
Reputational Risk,hurting company reputation
Reputational Risk,reputation of company hurt
Reputational Risk,company reputation harm
Reputational Risk,company reputation harmed
Reputational Risk,harm company reputation
Reputational Risk,harmed company reputation
Reputational Risk,harming of company reputation
Reputational Risk,reputation of company harmed
Reputational Risk,company�s reputation damage
Reputational Risk,company�s reputation damaged
Reputational Risk,damage company�s reputation
Reputational Risk,damage the company�s reputation
Reputational Risk,damaged company�s reputation
Reputational Risk,damaged the company�s reputation
Reputational Risk,damaging company�s reputation
Reputational Risk,damaging the company�s reputation
Reputational Risk,company�s reputation hurt
Reputational Risk,hurt company�s reputation
Reputational Risk,hurting company�s reputation
Reputational Risk,hurting the company�s reputation
Reputational Risk,company�s reputation harmed
Reputational Risk,harm company�s reputation
Reputational Risk,harm the company�s reputation
Reputational Risk,harmed company�s reputation
Reputational Risk,harmed the company�s reputation
Reputational Risk,harming of company�s reputation
Reputational Risk,harming of the company�s reputation
Reputational Risk,company reputation degradation
Reputational Risk,company reputation degraded
Reputational Risk,degrade company reputation
Reputational Risk,degraded company reputation
Reputational Risk,degrading company reputation
Reputational Risk,reputation of company degraded
Reputational Risk,company�s reputation degraded
Reputational Risk,degrade company�s reputation
Reputational Risk,degrade the company�s reputation
Reputational Risk,degraded company�s reputation
Reputational Risk,degraded the company�s reputation
Reputational Risk,damaging company�s reputation
Reputational Risk,damaging the company�s reputation
Supply Chain  manipulation,isrupt supply chain
Supply Chain  manipulation,disrupted supply chain
Supply Chain  manipulation,disrupting supply chain
Supply Chain  manipulation,disrupting the supply chain
Supply Chain  manipulation,disruption of supply chain
Supply Chain  manipulation,disrupting of supply chain
Supply Chain  manipulation,disruption of the supply chain
Supply Chain  manipulation,supply chain disruption
Supply Chain  manipulation,supply chain was disrupted
Supply Chain  manipulation,disrupt company�s supply chain
Supply Chain  manipulation,disrupted company�s supply chain
Supply Chain  manipulation,disrupting company�s supply chain
Supply Chain  manipulation,disrupting the company�s supply chain
Supply Chain  manipulation,disruption of company�s supply chain
Supply Chain  manipulation,disrupting of company�s supply chain
Supply Chain  manipulation,disrupt the company�s supply chain
Supply Chain  manipulation,disrupted the company�s supply chain
Supply Chain  manipulation,disrupting the company�s supply chain
Supply Chain  manipulation,disruption of the company�s supply chain
Supply Chain  manipulation,disrupting of the company�s supply chain
Supply Chain  manipulation,company�s supply chain was disrupted
Supply Chain  manipulation,degrade supply chain
Supply Chain  manipulation,degraded supply chain
Supply Chain  manipulation,degrading supply chain
Supply Chain  manipulation,degrading the supply chain
Supply Chain  manipulation,degradation of supply chain
Supply Chain  manipulation,degrading of supply chain
Supply Chain  manipulation,degradation of the supply chain
Supply Chain  manipulation,supply chain degradation
Supply Chain  manipulation,supply chain was degraded
Supply Chain  manipulation,degrade company�s supply chain
Supply Chain  manipulation,degraded company�s supply chain
Supply Chain  manipulation,degrading company�s supply chain
Supply Chain  manipulation,degrading the company�s supply chain
Supply Chain  manipulation,degradation of company�s supply chain
Supply Chain  manipulation,degradation of company�s supply chain
Supply Chain  manipulation,degrade the company�s supply chain
Supply Chain  manipulation,degraded the company�s supply chain
Supply Chain  manipulation,degrading the company�s supply chain
Supply Chain  manipulation,degradation of the company�s supply chain
Supply Chain  manipulation,degrading of the company�s supply chain
Supply Chain  manipulation,company�s supply chain was degraded
Supply Chain  manipulation,interrupt supply chain
Supply Chain  manipulation,interrupted supply chain
Supply Chain  manipulation,interrupting supply chain
Supply Chain  manipulation,interrupting the supply chain
Supply Chain  manipulation,interruption of supply chain
Supply Chain  manipulation,interrupting of supply chain
Supply Chain  manipulation,interruption of the supply chain
Supply Chain  manipulation,supply chain interruption
Supply Chain  manipulation,supply chain was interrupted
Supply Chain  manipulation,interrupt company�s supply chain
Supply Chain  manipulation,interrupted company�s supply chain
Supply Chain  manipulation,interrupting company�s supply chain
Supply Chain  manipulation,interrupting the company�s supply chain
Supply Chain  manipulation,interruption of company�s supply chain
Supply Chain  manipulation,interrupting of company�s supply chain
Supply Chain  manipulation,interrupt the company�s supply chain
Supply Chain  manipulation,interrupted the company�s supply chain
Supply Chain  manipulation,interrupting the company�s supply chain
Supply Chain  manipulation,interruption of the company�s supply chain
Supply Chain  manipulation,interrupting of the company�s supply chain
Supply Chain  manipulation,company�s supply chain was interrupted
Supply Chain  manipulation,disrupt supply-chain
Supply Chain  manipulation,disrupted supply-chain
Supply Chain  manipulation,disrupting supply-chain
Supply Chain  manipulation,disrupting the supply-chain
Supply Chain  manipulation,disruption of supply-chain
Supply Chain  manipulation,disrupting of supply-chain
Supply Chain  manipulation,disruption of the supply-chain
Supply Chain  manipulation,supply-chain disruption
Supply Chain  manipulation,supply-chain was disrupted
Supply Chain  manipulation,disrupt company�s supply-chain
Supply Chain  manipulation,disrupted company�s supply-chain
Supply Chain  manipulation,disrupting company�s supply-chain
Supply Chain  manipulation,disrupting the company�s supply-chain
Supply Chain  manipulation,disruption of company�s supply-chain
Supply Chain  manipulation,disrupting of company�s supply-chain
Supply Chain  manipulation,disrupt the company�s supply-chain
Supply Chain  manipulation,disrupted the company�s supply-chain
Supply Chain  manipulation,disrupting the company�s supply-chain
Supply Chain  manipulation,disruption of the company�s supply-chain
Supply Chain  manipulation,disrupting of the company�s supply-chain
Supply Chain  manipulation,company�s supply-chain was disrupted
Supply Chain  manipulation,degrade supply-chain
Supply Chain  manipulation,degraded supply-chain
Supply Chain  manipulation,degrading supply-chain
Supply Chain  manipulation,degrading the supply-chain
Supply Chain  manipulation,degradation of supply-chain
Supply Chain  manipulation,degrading of supply-chain
Supply Chain  manipulation,degradation of the supply-chain
Supply Chain  manipulation,supply-chain degradation
Supply Chain  manipulation,supply-chain was degraded
Supply Chain  manipulation,degrade company�s supply-chain
Supply Chain  manipulation,degraded company�s supply-chain
Supply Chain  manipulation,degrading company�s supply-chain
Supply Chain  manipulation,degrading the company�s supply-chain
Supply Chain  manipulation,degradation of company�s supply-chain
Supply Chain  manipulation,degradation of company�s supply-chain
Supply Chain  manipulation,degrade the company�s supply-chain
Supply Chain  manipulation,degraded the company�s supply-chain
Supply Chain  manipulation,degrading the company�s supply-chain
Supply Chain  manipulation,degradation of the company�s supply-chain
Supply Chain  manipulation,degrading of the company�s supply-chain
Supply Chain  manipulation,company�s supply-chain was degraded
Supply Chain  manipulation,interrupt supply-chain
Supply Chain  manipulation,interrupted supply-chain
Supply Chain  manipulation,interrupting supply-chain
Supply Chain  manipulation,interrupting the supply-chain
Supply Chain  manipulation,interruption of supply-chain
Supply Chain  manipulation,interrupting of supply-chain
Supply Chain  manipulation,interruption of the supply-chain
Supply Chain  manipulation,supply-chain interruption
Supply Chain  manipulation,supply-chain was interrupted
Supply Chain  manipulation,interrupt company�s supply-chain
Supply Chain  manipulation,interrupted company�s supply-chain
Supply Chain  manipulation,interrupting company�s supply-chain
Supply Chain  manipulation,interrupting the company�s supply-chain
Supply Chain  manipulation,interruption of company�s supply-chain
Supply Chain  manipulation,interrupting of company�s supply-chain
Supply Chain  manipulation,interrupt the company�s supply-chain
Supply Chain  manipulation,interrupted the company�s supply-chain
Supply Chain  manipulation,interrupting the company�s supply-chain
Supply Chain  manipulation,interruption of the company�s supply-chain
Supply Chain  manipulation,interrupting of the company�s supply-chain
Supply Chain  manipulation,company�s supply-chain was interrupted
Halt production,isrupt production
Halt production,disrupted production
Halt production,disrupting production
Halt production,disrupting the production
Halt production,disruption of production
Halt production,disrupting of production
Halt production,disruption of the production
Halt production,production disruption
Halt production,production was disrupted
Halt production,disrupt company�s production
Halt production,disrupted company�s production
Halt production,disrupting company�s production
Halt production,disrupting the company�s production
Halt production,disruption of company�s production
Halt production,disrupting of company�s production
Halt production,disrupt the company�s production
Halt production,disrupted the company�s production
Halt production,disrupting the company�s production
Halt production,disruption of the company�s production
Halt production,disrupting of the company�s production
Halt production,company�s production was disrupted
Halt production,halt production
Halt production,halted production
Halt production,halting production
Halt production,halting the production
Halt production,halting of production
Halt production,
Halt production,production was halted
Halt production,halt company�s production
Halt production,halted company�s production
Halt production,halting company�s production
Halt production,halting the company�s production
Halt production,halting of company�s production
Halt production,halt the company�s production
Halt production,halted the company�s production
Halt production,halting the company�s production
Halt production,halting of the company�s production
Halt production,company�s production was halted
Halt production,suspend production
Halt production,suspended production
Halt production,suspending production
Halt production,suspending the production
Halt production,suspension of production
Halt production,suspending of production
Halt production,suspension of the production
Halt production,production suspension
Halt production,production was suspended
Halt production,suspend company�s production
Halt production,suspended company�s production
Halt production,suspending company�s production
Halt production,suspending the company�s production
Halt production,suspension of company�s production
Halt production,suspending of company�s production
Halt production,suspend the company�s production
Halt production,suspended the company�s production
Halt production,suspending the company�s production
Halt production,suspension of the company�s production
Halt production,suspending of the company�s production
Halt production,company�s production was suspended
Halt production,postpone production
Halt production,postponed production
Halt production,postponing production
Halt production,postponing the production
Halt production,postponing of production
Halt production,production was postponed
Halt production,postpone company�s production
Halt production,postponed company�s production
Halt production,postponing company�s production
Halt production,postponing the company�s production
Halt production,postponing of company�s production
Halt production,postpone the company�s production
Halt production,postponed the company�s production
Halt production,postponing the company�s production
Halt production,postponing of the company�s production
Halt production,company�s production was postponed
Halt production,disrupt manufacturing
Halt production,disrupted manufacturing
Halt production,disrupting manufacturing
Halt production,disrupting the manufacturing
Halt production,disruption of manufacturing
Halt production,disrupting of manufacturing
Halt production,disruption of the manufacturing
Halt production,manufacturing disruption
Halt production,manufacturing was disrupted
Halt production,disrupt company�s manufacturing
Halt production,disrupted company�s manufacturing
Halt production,disrupting company�s manufacturing
Halt production,disrupting the company�s manufacturing
Halt production,disruption of company�s manufacturing
Halt production,disrupting of company�s manufacturing
Halt production,disrupt the company�s manufacturing
Halt production,disrupted the company�s manufacturing
Halt production,disrupting the company�s manufacturing
Halt production,disruption of the company�s manufacturing
Halt production,disrupting of the company�s manufacturing
Halt production,company�s manufacturing was disrupted
Halt production,halt manufacturing
Halt production,halted manufacturing
Halt production,halting manufacturing
Halt production,halting the manufacturing
Halt production,halting of manufacturing
Halt production,manufacturing was halted
Halt production,halt company�s manufacturing
Halt production,halted company�s manufacturing
Halt production,halting company�s manufacturing
Halt production,halting the company�s manufacturing
Halt production,halting of company�s manufacturing
Halt production,halt the company�s manufacturing
Halt production,halted the company�s manufacturing
Halt production,halting the company�s manufacturing
Halt production,halting of the company�s manufacturing
Halt production,company�s manufacturing was halted
Halt production,suspend manufacturing
Halt production,suspended manufacturing
Halt production,suspending manufacturing
Halt production,suspending the manufacturing
Halt production,suspension of manufacturing
Halt production,suspending of manufacturing
Halt production,suspension of the manufacturing
Halt production,manufacturing suspension
Halt production,manufacturing was suspended
Halt production,suspend company�s manufacturing
Halt production,suspended company�s manufacturing
Halt production,suspending company�s manufacturing
Halt production,suspending the company�s manufacturing
Halt production,suspension of company�s manufacturing
Halt production,suspending of company�s manufacturing
Halt production,suspend the company�s manufacturing
Halt production,suspended the company�s manufacturing
Halt production,suspending the company�s manufacturing
Halt production,suspension of the company�s manufacturing
Halt production,suspending of the company�s manufacturing
Halt production,company�s manufacturing was suspended
Halt production,postpone manufacturing
Halt production,postponed manufacturing
Halt production,postponing manufacturing
Halt production,postponing the manufacturing
Halt production,postponing of manufacturing
Halt production,manufacturing was postponed
Halt production,postpone company�s manufacturing
Halt production,postponed company�s manufacturing
Halt production,postponing company�s manufacturing
Halt production,postponing the company�s manufacturing
Halt production,postponing of company�s manufacturing
Halt production,postpone the company�s manufacturing
Halt production,postponed the company�s manufacturing
Halt production,postponing the company�s manufacturing
Halt production,postponing of the company�s manufacturing
Halt production,company�s manufacturing was postponed
